mechanical_rule,entries,avg_true_ev,avg_confidence,avg_pattern,win_rate,max_dd
SKIP,15,-0.6721886666666667,0.33526666666666666,38.406666666666666,0.0,9.908660000000001
⚠️ CAUTIOUS ENTRY,9,0.4749633333333334,0.3373333333333333,67.12222222222222,1.0,0.0
🎯 STRONG ENTRY,8,0.45369499999999996,0.336125,87.9125,1.0,0.0
📡 WAIT/PROBING,16,0.6115112500000001,0.33525,40.59375,1.0,0.0
